name,base_knot,core_len,cusp_shape_est,cusp_arg,volume,num_tets,tri,PD_code,num_cross,run_time,last_success,det,alex,slice,ribbon,ribbon_to,ribbon_by_two_bands,s_2,s_3,Sq1_odd,girth,s_lite_time,s_odd_time,base_slice,bls_odd,Sq1_sum,RBG_DT,RBG_PD,framing
K11n34_0,K11n34,(2.553191187019985+0.6380805791166257j),-0.578864834809048 + 2.31624757606062*I,1.32589773766461,13.220458870568354,15,pLvvLLAQQPQciijmnihljknonoohhvvqavnasnxsksj_abBb,"[(38,29,39,30),(11,29,12,28),(27,11,28,10),(26,39,27,40),(40,10,41,9),(8,42,9,41),(67,31,0,30),(66,25,67,26),(42,65,43,66),(24,44,25,43),(31,44,32,45),(7,65,8,64),(52,63,53,64),(62,51,63,52),(6,54,7,53),(23,55,24,54),(61,13,62,12),(32,55,33,56),(33,23,34,22),(50,14,51,13),(45,56,46,57),(46,22,47,21),(47,34,48,35),(48,6,49,5),(14,50,15,49),(35,5,36,4),(15,61,16,60),(16,38,17,37),(59,36,60,37),(57,21,58,20),(58,4,59,3),(19,2,20,3),(1,18,2,19),(17,0,18,1)]",34.0,8.20517,0.0,1.0,1,-1,,{},,0.0,2.0,"(0,0,0,0)",10.0,29.66026473045349,69.65923929214478,-1,,,DT[vcdemhUSFVDCoKIMeJaRgtNpBql],"[(15,1,16,8),(1,27,2,26),(2,41,3,42),(38,3,39,4),(4,37,5,38),(12,5,13,6),(6,11,7,12),(10,7,11,8),(18,43,9,44),(9,23,10,22),(13,31,14,30),(29,15,30,14),(16,21,17,22),(44,17,19,18),(24,19,25,20),(20,25,21,26),(23,43,24,42),(34,27,35,28),(28,35,29,36),(31,37,32,36),(39,33,40,32),(33,41,34,40)]","[(0,1),(0,1),(0,1)]"
K13n866_0,K13n866,(2.4015002601287256-1.2626798642487382j),1.07771278446861 + 2.04970999025575*I,1.0867318395856,,18,sLvLLvwPPQMQQcfgjokkloqmlpoqprrruplkquiialqgfcogdup_BbBa,"[(53,73,54,72),(73,53,74,52),(71,11,72,10),(22,9,23,10),(8,23,9,24),(7,71,8,70),(54,21,55,22),(24,55,25,56),(69,57,70,56),(57,6,58,7),(68,26,69,25),(58,12,59,11),(26,68,27,67),(12,6,13,5),(4,59,5,60),(13,61,14,60),(43,20,44,21),(42,51,43,52),(27,44,28,45),(66,46,67,45),(65,29,66,28),(29,85,30,84),(46,84,47,83),(82,61,83,62),(64,85,65,86),(47,30,48,31),(31,63,32,62),(48,64,49,63),(86,20,87,19),(18,49,19,50),(87,51,88,50),(81,33,82,32),(14,33,15,34),(3,35,4,34),(15,81,16,80),(88,42,89,41),(89,74,0,75),(2,79,3,80),(40,76,41,75),(78,1,79,2),(76,40,77,39),(17,38,18,39),(37,16,38,17),(36,78,37,77),(35,1,36,0)]",45.0,7.61003,0.0,1.0,1,-1,-1,{},,0.0,2.0,"(0,0,0,0)",12.0,105.14365220069884,431.5429403781891,0,,,DT[tcbiisTAbrNEomgQKhFiLdJpc],"[(37,1,38,4),(22,2,5,1),(2,40,3,39),(3,7,4,6),(5,39,6,38),(7,33,8,32),(35,9,36,8),(12,9,13,10),(10,28,11,27),(26,12,27,11),(13,19,14,18),(29,14,30,15),(15,24,16,25),(25,16,26,17),(17,28,18,29),(34,19,35,20),(20,33,21,34),(40,22,23,21),(30,23,31,24),(31,37,32,36)]","[(-1,1),(0,1),(0,1)]"
K15n25044_0,K15n25044,(2.437353256754064+0.025577184509205365j),-0.0270487890296323 + 2.57758839753845*I,1.56030287631037,,19,tLLzLLvwzMQQQkacehjnpmrqsmnorqsqsrnkxatmpmheiuttbrckcb_BaaB,"[(132,161,133,162),(131,73,132,72),(71,163,72,162),(73,131,74,130),(10,164,11,163),(74,11,75,12),(41,161,42,160),(42,130,43,129),(43,12,44,13),(44,75,45,76),(76,45,77,46),(46,77,47,78),(13,78,14,79),(188,159,189,160),(187,128,188,129),(40,0,41,189),(186,80,187,79),(127,81,128,80),(158,82,159,81),(157,126,158,127),(125,156,126,157),(124,185,125,186),(123,15,124,14),(122,48,123,47),(15,48,16,49),(184,50,185,49),(155,51,156,50),(154,183,155,184),(153,17,154,16),(182,18,183,17),(181,152,182,153),(18,152,19,151),(51,151,52,150),(82,150,83,149),(19,181,20,180),(52,180,53,179),(178,54,179,53),(177,21,178,20),(83,54,84,55),(176,121,177,122),(84,21,85,22),(85,121,86,120),(86,176,87,175),(55,22,56,23),(56,120,57,119),(23,119,24,118),(117,25,118,24),(116,58,117,57),(58,116,59,115),(25,115,26,114),(148,113,149,114),(147,27,148,26),(146,60,147,59),(27,60,28,61),(28,146,29,145),(61,145,62,144),(29,175,30,174),(30,87,31,88),(62,174,63,173),(63,88,64,89),(172,90,173,89),(64,31,65,32),(143,91,144,90),(142,171,143,172),(141,33,142,32),(164,66,165,65),(91,171,92,170),(165,140,166,141),(112,169,113,170),(166,34,167,33),(111,93,112,92),(167,110,168,111),(168,94,169,93),(109,35,110,34),(94,35,95,36),(95,109,96,108),(96,140,97,139),(97,66,98,67),(107,138,108,139),(67,98,68,99),(106,100,107,99),(137,101,138,100),(36,101,37,102),(102,39,103,40),(9,68,10,69),(8,106,9,105),(7,137,8,136),(6,37,7,38),(38,5,39,6),(135,5,136,4),(3,104,4,105),(103,135,104,134),(2,70,3,69),(70,2,71,1),(133,0,134,1)]",95.0,10.721,,1.0,1,-1,-1,,,0.0,2.0,,12.0,2591.8459765911102,,0,,,DT[xcdhlUkRJgNxsVpQMLFWhdBCoAITe],"[(8,42,1,41),(40,2,41,1),(21,2,22,3),(34,3,35,4),(4,35,5,36),(36,5,37,6),(6,19,7,20),(7,32,8,33),(13,9,14,24),(9,47,10,46),(10,27,11,28),(26,11,27,12),(47,13,48,12),(37,14,38,15),(15,30,16,31),(16,44,17,43),(42,18,43,17),(31,18,32,19),(20,33,21,34),(22,26,23,25),(48,24,25,23),(28,45,29,46),(29,39,30,38),(44,39,45,40)]","[(-4,1),(0,1),(0,1)]"
16n180537_0,16n180537,(1.6000576943562286+0.2682436027766085j),-0.640324884050720 + 3.81950118104534*I,1.40469473516687,,23,xLLAvLzLMwLQzMQQcceddgjlknmtsrqtqvtvwvuuwiifkkinfxtbwgwsvagipudnj_BaCB,"[(32,60,33,59),(15,61,16,60),(14,31,15,32),(61,31,62,30),(62,14,63,13),(29,12,30,13),(88,11,89,12),(87,28,88,29),(27,86,28,87),(26,64,27,63),(85,65,86,64),(10,66,11,65),(76,90,77,89),(90,78,91,77),(78,76,79,75),(91,17,92,16),(92,34,93,33),(34,17,35,18),(93,58,0,59),(35,75,36,74),(36,79,37,80),(80,37,81,38),(73,39,74,38),(18,39,19,40),(57,41,58,40),(19,73,20,72),(56,71,57,72),(70,55,71,56),(69,21,70,20),(68,82,69,81),(47,66,48,67),(67,46,68,47),(82,46,83,45),(48,10,49,9),(49,85,50,84),(8,83,9,84),(50,26,51,25),(7,45,8,44),(6,21,7,22),(5,55,6,54),(53,5,54,4),(41,53,42,52),(22,3,23,4),(42,23,43,24),(2,43,3,44),(24,2,25,1),(51,0,52,1)]",47.0,13.866,1.0,1.0,1,-1,-1,{},,0.0,2.0,"(0,0,0,0)",12.0,74.98744750022888,479.204421043396,0,,,DT[rcbdlGCARMoFBkQhiEPlDNJ],"[(4,14,1,13),(12,1,5,2),(2,5,3,6),(14,4,15,3),(6,35,7,36),(30,7,31,8),(8,26,9,25),(24,10,25,9),(29,11,30,10),(36,11,13,12),(15,21,16,20),(21,17,22,16),(17,23,18,22),(18,33,19,34),(34,19,35,20),(23,29,24,28),(26,31,27,32),(32,27,33,28)]","[(1,1),(0,1),(0,1)]"
16n74539_0,16n74539,(1.6000576943562288-0.2682436027766096j),0.640324884050722 + 3.81950118104534*I,1.40469473516687,,23,xLvvAAzLwzPQAzQQccfgfgljkomrqptstuwuvvtwwihackasafcckkmqeahhhjkbg_baab,"[(93,82,0,83),(83,51,84,50),(92,49,93,50),(91,68,92,69),(67,49,68,48),(47,90,48,91),(46,70,47,69),(45,85,46,84),(70,89,71,90),(31,44,32,45),(51,30,52,31),(43,53,44,52),(53,33,54,32),(85,54,86,55),(55,88,56,89),(56,72,57,71),(72,58,73,57),(10,88,11,87),(86,12,87,11),(12,33,13,34),(9,58,10,59),(42,13,43,14),(34,60,35,59),(35,8,36,9),(14,30,15,29),(41,28,42,29),(27,60,28,61),(26,8,27,7),(25,36,26,37),(24,73,25,74),(37,75,38,74),(6,75,7,76),(61,77,62,76),(62,5,63,6),(77,41,78,40),(4,39,5,40),(63,39,64,38),(64,23,65,24),(3,23,4,22),(78,21,79,22),(20,79,21,80),(19,3,20,2),(18,65,19,66),(66,17,67,18),(1,17,2,16),(80,15,81,16),(81,0,82,1)]",47.0,6.84529,,1.0,1,-1,-1,{},,0.0,-2.0,,12.0,9240.584106206894,,0,,,DT[tcbiiEnTOBDlRpqMfKgaCsjHi],"[(4,10,1,9),(1,29,2,28),(27,3,28,2),(8,4,9,3),(22,39,5,40),(30,5,31,6),(6,29,7,30),(10,8,11,7),(11,23,12,40),(23,13,24,12),(13,27,14,26),(14,36,15,35),(36,16,37,15),(31,17,32,16),(17,39,18,38),(33,18,34,19),(19,34,20,35),(20,25,21,26),(24,21,25,22),(37,32,38,33)]","[(-1,1),(0,1),(0,1)]"
17nh_0001844_0,17nh_0001844,(1.403440870549547+1.750421410206649j),-2.18495219105552 + 1.75183597917834*I,0.675821190430495,,17,rvLLLwLvQQQQcefhgknloplkmpoqqoqguuhvmfumgnmtojgfw_abba,"[(24,59,25,60),(58,23,59,24),(60,39,61,40),(25,38,26,39),(61,26,62,27),(102,28,103,27),(101,63,102,62),(103,41,0,40),(63,101,64,100),(28,100,29,99),(98,30,99,29),(37,64,38,65),(10,66,11,65),(36,12,37,11),(12,97,13,98),(35,97,36,96),(13,31,14,30),(14,42,15,41),(81,43,82,42),(80,32,81,31),(43,32,44,33),(44,80,45,79),(78,46,79,45),(33,46,34,47),(34,78,35,77),(76,95,77,96),(47,95,48,94),(93,82,94,83),(75,67,76,66),(92,15,93,16),(48,67,49,68),(16,83,17,84),(68,18,69,17),(74,9,75,10),(69,85,70,84),(22,74,23,73),(85,18,86,19),(86,49,87,50),(87,9,88,8),(21,88,22,89),(50,8,51,7),(20,51,21,52),(19,7,20,6),(89,73,90,72),(5,53,6,52),(53,5,54,4),(3,70,4,71),(54,72,55,71),(55,90,56,91),(2,92,3,91),(1,57,2,56),(57,1,58,0)]",52.0,4.64117,,1.0,1,-1,-1,{},,2.0,2.0,,12.0,34.06063508987427,,0,,,DT[scbfkjFinLRAQObhDpeSKmGc],"[(19,1,20,4),(12,2,13,1),(2,12,3,11),(3,19,4,18),(17,5,18,16),(5,37,6,36),(27,6,28,7),(22,8,23,7),(8,24,9,23),(9,26,10,27),(10,35,11,36),(34,13,35,14),(14,33,15,34),(15,21,16,20),(38,29,17,30),(30,21,31,22),(31,25,32,24),(25,33,26,32),(28,37,29,38)]","[(1,1),(0,1),(0,1)]"
17nh_0002715_0,17nh_0002715,(2.8969766258071683+1.5450531703578751j),-0.900571334757207 + 1.68857237842455*I,1.08083927736762,,23,xLLLvLvzPwQwMQQQccdghknnlrsopptuwtvwuvvwuhshvpeqjjtvnnahqmhumqsgc_aBbB,"[(32,81,33,0),(15,80,16,81),(79,16,80,17),(17,78,18,79),(56,78,57,77),(55,18,56,19),(76,58,77,57),(54,33,55,34),(19,35,20,34),(20,53,21,54),(35,58,36,59),(52,21,53,22),(4,52,5,51),(5,22,6,23),(6,59,7,60),(60,24,61,23),(24,62,25,61),(62,7,63,8),(36,64,37,63),(25,50,26,51),(49,9,50,8),(37,48,38,49),(9,38,10,39),(64,47,65,48),(26,39,27,40),(75,47,76,46),(74,65,75,66),(45,66,46,67),(10,28,11,27),(28,74,29,73),(44,29,45,30),(67,15,68,14),(30,14,31,13),(68,32,69,31),(11,73,12,72),(43,12,44,13),(71,40,72,41),(3,70,4,71),(2,42,3,41),(42,2,43,1),(69,0,70,1)]",41.0,11.8325,0.0,1.0,1,-1,-1,{},,-2.0,-2.0,,10.0,611.40784740448,,0,,,DT[xcdoelHtPXVRDuSEaqFwCGmOibKnJ],"[(23,1,24,8),(1,23,2,22),(2,15,3,16),(3,40,4,41),(39,4,40,5),(30,5,31,6),(6,31,7,32),(14,7,15,8),(38,47,9,48),(20,10,21,9),(10,44,11,43),(26,11,27,12),(12,36,13,35),(32,14,33,13),(41,17,42,16),(17,39,18,48),(18,37,19,38),(46,20,47,19),(42,21,43,22),(33,24,34,25),(25,34,26,35),(27,44,28,45),(45,28,46,29),(36,29,37,30)]","[(0,1),(0,1),(0,1)]"
17nh_0212094_0,17nh_0212094,(1.474617476786682+0.12340231445648543j),-0.354089973774499 + 4.23125989153903*I,1.48730657018847,,32,GLLvvvLPPvMQvPLPMwQQQQcceojklprqrsptyuvCxxACDFCzzBFFEEDEiixbsxpaergsvawsuthpunfwkkkfbggrn_Baab,"[(77,90,78,91),(91,78,92,79),(76,62,77,61),(75,41,76,40),(62,41,63,42),(42,63,43,64),(39,60,40,61),(38,80,39,79),(37,93,38,92),(59,81,60,80),(93,37,94,36),(58,35,59,36),(12,89,13,90),(11,65,12,64),(88,66,89,65),(66,14,67,13),(87,10,88,11),(86,44,87,43),(9,45,10,44),(85,74,86,75),(45,9,46,8),(46,74,47,73),(7,72,8,73),(71,14,72,15),(84,26,85,25),(47,26,48,27),(48,84,49,83),(82,50,83,49),(24,82,25,81),(6,28,7,27),(23,34,24,35),(22,57,23,58),(21,95,22,94),(33,50,34,51),(32,6,33,5),(31,28,32,29),(95,21,0,20),(15,31,16,30),(29,17,30,16),(17,5,18,4),(56,19,57,20),(18,51,19,52),(3,71,4,70),(52,69,53,70),(68,55,69,56),(2,54,3,53),(54,2,55,1),(67,1,68,0)]",48.0,8.0611,,1.0,1,-1,-1,{},,0.0,2.0,,12.0,180.15681147575376,,0,,,DT[sccdlrcesbjkOGlmifpqHnda],"[(35,1,36,6),(1,37,2,36),(5,3,6,2),(3,9,4,8),(9,5,10,4),(37,7,38,14),(7,35,8,34),(19,11,20,10),(11,24,12,25),(21,12,22,13),(16,13,17,14),(38,29,15,30),(30,15,31,16),(17,22,18,23),(23,18,24,19),(25,21,26,20),(31,27,32,26),(27,33,28,32),(33,29,34,28)]","[(-1,1),(0,1),(0,1)]"
17nh_0212095_0,17nh_0212095,(1.474617476786681+0.12340231445648586j),-0.354089973774501 + 4.23125989153904*I,1.48730657018847,,29,DLLvvwvPzLAMwPQMPMQQccehkkmsrpnutxsvsywwxBzyACyACBCiifnsphapfsvdwlvtmaphdgcvfjscw_bBba,"[(78,34,79,33),(65,33,66,32),(66,79,67,80),(77,64,78,65),(31,81,32,80),(76,18,77,17),(16,82,17,81),(15,30,16,31),(29,14,30,15),(28,68,29,67),(95,35,0,34),(94,63,95,64),(35,63,36,62),(93,19,94,18),(36,19,37,20),(37,93,38,92),(38,76,39,75),(91,74,92,75),(73,90,74,91),(72,40,73,39),(82,71,83,72),(89,41,90,40),(20,41,21,42),(13,71,14,70),(61,43,62,42),(68,47,69,48),(48,69,49,70),(12,50,13,49),(83,50,84,51),(84,12,85,11),(51,88,52,89),(52,22,53,21),(53,60,54,61),(59,23,60,22),(54,44,55,43),(44,56,45,55),(10,88,11,87),(9,59,10,58),(8,23,9,24),(24,7,25,8),(57,7,58,6),(25,57,26,56),(45,26,46,27),(85,5,86,4),(3,87,4,86),(5,2,6,3),(1,46,2,47),(27,1,28,0)]",48.0,40.4035,4.0,1.0,1,-1,-1,{},,0.0,2.0,,12.0,41.35121440887451,,0,,,DT[qccdjenaQcmPOGldfjbkHI],"[(9,1,10,6),(1,5,2,4),(27,2,28,3),(3,26,4,27),(5,9,6,8),(14,34,7,33),(7,21,8,20),(25,10,26,11),(11,22,12,23),(12,31,13,32),(16,14,17,13),(34,30,15,29),(30,16,31,15),(32,17,33,18),(23,18,24,19),(19,24,20,25),(21,29,22,28)]","[(-1,1),(0,1),(0,1)]"
18nh_00010270_0,18nh_00010270,(1.9857481107552137-1.2954118269682802j),1.44794457844093 + 2.21956689854101*I,0.992767662796401,,27,BLLvwLwLzvzQPQAMPQQcdfkiopmvnopusruwrwvxzyAzAzAhsapshhspskoddfeegookighulaa_baab,"[(86,73,87,74),(74,87,75,0),(75,56,76,57),(55,72,56,73),(76,30,77,29),(30,72,31,71),(70,32,71,31),(69,54,70,55),(68,85,69,86),(84,67,85,68),(53,66,54,67),(32,21,33,22),(20,65,21,66),(52,20,53,19),(83,19,84,18),(22,78,23,77),(33,65,34,64),(63,78,64,79),(51,8,52,9),(34,8,35,7),(6,36,7,35),(9,50,10,51),(79,36,80,37),(5,11,6,10),(80,11,81,12),(4,81,5,82),(82,50,83,49),(62,38,63,37),(23,38,24,39),(17,49,18,48),(61,13,62,12),(24,13,25,14),(16,4,17,3),(14,25,15,26),(15,61,16,60),(39,26,40,27),(40,60,41,59),(41,3,42,2),(1,43,2,42),(58,44,59,43),(27,44,28,45),(45,28,46,29),(46,58,47,57),(47,1,48,0)]",44.0,6.9488,0.0,1.0,1,-1,-1,{},,0.0,0.0,"(0,0,-2,-2)",12.0,147.52689838409424,750.7642629146576,0,,,DT[zcdkkgNKtZYuaQpCsrVDjXmwbOhlIFE],"[(13,1,14,8),(1,15,2,14),(2,27,3,28),(3,38,4,39),(4,22,5,21),(20,6,21,5),(39,6,40,7),(28,7,29,8),(30,52,9,51),(50,10,51,9),(10,50,11,49),(48,12,49,11),(41,12,42,13),(15,42,16,43),(16,33,17,34),(46,17,47,18),(31,18,32,19),(19,52,20,31),(37,22,38,23),(23,44,24,45),(35,25,36,24),(25,35,26,34),(26,44,27,43),(40,30,41,29),(32,47,33,48),(45,36,46,37)]","[(0,1),(0,1),(0,1)]"
18nh_00166702_0,18nh_00166702,(2.015008870786627+0.08842536669914337j),-0.136573762769560 + 3.11219906425378*I,1.52694110026416,,27,BLvvLLLLPzAAzMQPQPQceghjkjrsntntxtuyxvzwywAzxAAqqkccfcmfckncikqmttuddbtrfqq_BaaB,"[(30,13,31,14),(89,15,0,14),(15,89,16,88),(16,31,17,32),(32,87,33,88),(55,12,56,13),(17,56,18,57),(11,18,12,19),(19,55,20,54),(20,30,21,29),(42,57,43,58),(41,87,42,86),(58,85,59,86),(84,44,85,43),(83,10,84,11),(40,33,41,34),(9,44,10,45),(59,9,60,8),(34,8,35,7),(6,40,7,39),(60,45,61,46),(35,46,36,47),(82,61,83,62),(70,47,71,48),(36,72,37,71),(48,37,49,38),(69,39,70,38),(81,72,82,73),(68,6,69,5),(4,68,5,67),(62,74,63,73),(74,54,75,53),(52,63,53,64),(51,81,52,80),(75,29,76,28),(27,64,28,65),(26,80,27,79),(25,51,26,50),(49,25,50,24),(66,23,67,24),(65,78,66,79),(3,22,4,23),(2,77,3,78),(76,1,77,2),(21,0,22,1)]",45.0,7.99786,3.0,1.0,1,-1,-1,{},,-2.0,-2.0,,12.0,547.9592320919037,,0,,,DT[rcehemldoJRhqpEIFnabcgK],"[(25,1,26,10),(1,27,2,36),(23,2,24,3),(3,28,4,29),(7,4,8,5),(5,31,6,30),(29,7,30,6),(8,19,9,20),(18,9,19,10),(26,36,11,35),(22,11,23,12),(15,12,16,13),(13,32,14,33),(33,14,34,15),(31,17,32,16),(20,18,21,17),(34,21,35,22),(27,25,28,24)]","[(0,1),(0,1),(0,1)]"
18nh_00610378_0,18nh_00610378,(1.4910731191304043+0.3033847210002491j),-0.823300820557183 + 4.04635315332776*I,1.37006899453801,,27,BLLLAwwzMwvzALMQQPQcedfegjmknosuqvxuxtyzwxzAAAziinatritieshhdflcmsmexqusoof_babb,"[(32,58,33,57),(31,18,32,19),(46,18,47,17),(45,58,46,59),(59,17,60,16),(60,47,61,48),(61,31,62,30),(94,15,95,16),(14,93,15,94),(13,49,14,48),(92,50,93,49),(91,12,92,13),(44,96,45,95),(50,43,51,44),(90,29,91,30),(11,28,12,29),(33,96,34,97),(56,0,57,97),(89,63,90,62),(51,35,52,34),(63,89,64,88),(10,87,11,88),(27,43,28,42),(86,42,87,41),(26,85,27,86),(84,35,85,36),(25,79,26,78),(79,37,80,36),(37,25,38,24),(23,39,24,38),(77,40,78,41),(39,23,40,22),(9,77,10,76),(64,75,65,76),(8,66,9,65),(66,8,67,7),(74,20,75,19),(20,68,21,67),(21,6,22,7),(5,80,6,81),(68,82,69,81),(83,4,84,5),(82,70,83,69),(52,4,53,3),(53,70,54,71),(2,72,3,71),(1,55,2,54),(72,55,73,56),(73,1,74,0)]",49.0,11.825,,1.0,1,-1,-1,{},,0.0,2.0,,12.0,1808.9832291603088,,0,,,DT[tccelDPAECTJSQGMNrKfHBlIO],"[(6,8,1,7),(4,1,5,2),(2,31,3,32),(32,3,33,4),(8,6,9,5),(16,9,7,10),(10,40,11,39),(11,28,12,29),(12,20,13,19),(18,14,19,13),(14,37,15,38),(30,15,31,16),(40,33,17,34),(36,17,37,18),(20,26,21,25),(26,22,27,21),(22,28,23,27),(23,34,24,35),(35,24,36,25),(38,30,39,29)]","[(1,1),(0,1),(0,1)]"
18nh_00610381_0,18nh_00610381,(1.4910731191304023+0.30338472100024627j),-0.823300820557178 + 4.04635315332777*I,1.37006899453801,,30,ELLzvLwzLMzLzQPAwQQAQccdhgkqmonouvsyxwyutCCAzxzBADDDlnfonqaonoflfcnosnrbueeuvulblpl_BbcB,"[(26,86,27,85),(27,12,28,13),(84,14,85,13),(83,29,84,28),(14,29,15,30),(15,83,16,82),(86,63,87,64),(11,65,12,64),(25,63,26,62),(65,11,66,10),(87,25,88,24),(61,45,62,44),(45,61,46,60),(59,47,60,46),(47,89,48,88),(48,23,49,24),(49,67,50,66),(50,9,51,10),(67,23,68,22),(68,89,69,90),(90,69,91,70),(91,59,92,58),(70,58,71,57),(56,72,57,71),(21,73,22,72),(8,74,9,73),(16,39,17,40),(51,38,52,39),(37,75,38,74),(36,7,37,8),(35,20,36,21),(6,19,7,20),(75,19,76,18),(17,52,18,53),(76,54,77,53),(5,54,6,55),(34,55,35,56),(33,93,34,92),(77,5,78,4),(78,93,79,94),(3,95,4,94),(43,33,44,32),(42,79,43,80),(95,41,96,40),(2,41,3,42),(96,81,97,82),(80,1,81,2),(97,31,0,30),(31,1,32,0)]",49.0,13.8143,2.0,1.0,1,-1,-1,{},,0.0,2.0,,12.0,637.0243663787842,,0,,,DT[ucecmKDGBAlRCOsEhTpqInFuMj],"[(10,22,1,21),(8,2,9,1),(2,8,3,7),(6,4,7,3),(4,14,5,13),(14,6,15,5),(20,10,21,9),(23,16,24,11),(34,12,35,11),(12,36,13,35),(15,22,16,23),(42,29,17,30),(30,17,31,18),(37,18,38,19),(19,40,20,41),(24,40,25,39),(38,26,39,25),(31,27,32,26),(27,33,28,32),(33,29,34,28),(41,36,42,37)]","[(-1,1),(0,1),(0,1)]"
19nh_000002588_0,19nh_000002588,(1.6612656417013283+1.6402321093099108j),-1.89093036078168 + 1.91517872463681*I,0.791768983374264,14.306555623750292,17,rLvvLAAAzMQQcbfgklikjopnpopnqqqhhgnhnvrtepcrjnkkc_Bbab,"[(81,26,82,27),(80,36,81,35),(61,36,62,37),(37,60,38,61),(38,25,39,26),(59,25,60,24),(23,63,24,62),(22,79,23,80),(78,63,79,64),(64,77,65,78),(58,66,59,65),(21,34,22,35),(33,77,34,76),(48,76,49,75),(47,33,48,32),(74,32,75,31),(30,50,31,49),(57,46,58,47),(29,20,30,21),(19,50,20,51),(51,18,52,19),(8,27,9,28),(28,7,29,8),(6,18,7,17),(5,52,6,53),(73,4,74,5),(16,53,17,54),(54,15,55,16),(72,56,73,55),(56,3,57,4),(82,10,83,9),(2,46,3,45),(1,66,2,67),(71,14,72,15),(10,0,11,83),(11,70,12,71),(44,67,45,68),(68,43,69,44),(13,43,14,42),(41,13,42,12),(40,69,41,70),(39,1,40,0)]",42.0,41.5772,0.0,1.0,1,-1,-1,,,-2.0,-2.0,,12.0,35.1161,,0,,,DT[ycblkuLFkRYOmWeSpAvNThIxCbGqDJ],"[(41,1,42,4),(24,2,25,1),(2,24,3,23),(3,41,4,40),(28,11,5,12),(38,6,39,5),(21,7,22,6),(46,7,47,8),(8,36,9,35),(9,19,10,18),(10,49,11,50),(12,30,13,29),(42,14,43,13),(25,15,26,14),(15,32,16,33),(16,46,17,45),(34,17,35,18),(48,20,49,19),(20,37,21,38),(31,22,32,23),(43,26,44,27),(50,28,29,27),(30,39,31,40),(33,45,34,44),(47,37,48,36)]","[(-1,1),(0,1),(0,1)]"
19nh_000003154_2,19nh_000003154,(1.9919983597027262+1.2093124703236575j),-1.39919760211604 + 2.30478010994891*I,1.02518349375045,14.795357920709725,18,svLLPvPPzPMQQefifkmnmonlqrorpqqrsihivaplaqbihxcboko_aBBb,"[(89,18,0,19),(88,33,89,34),(19,35,20,34),(20,87,21,88),(21,51,22,50),(51,23,52,22),(49,33,50,32),(86,23,87,24),(52,73,53,74),(74,31,75,32),(72,53,73,54),(85,54,86,55),(84,72,85,71),(70,84,71,83),(55,82,56,83),(81,56,82,57),(24,58,25,57),(25,80,26,81),(26,69,27,70),(35,59,36,58),(36,79,37,80),(37,68,38,69),(8,27,9,28),(9,38,10,39),(39,29,40,28),(40,7,41,8),(6,41,7,42),(30,5,31,6),(29,43,30,42),(10,68,11,67),(75,5,76,4),(11,79,12,78),(66,43,67,44),(76,66,77,65),(77,44,78,45),(64,4,65,3),(12,59,13,60),(60,13,61,14),(48,63,49,64),(14,46,15,45),(46,16,47,15),(47,2,48,3),(1,63,2,62),(16,61,17,62),(17,0,18,1)]",45.0,25.8417,0.0,1.0,1,-1,-1,,,-2.0,-2.0,,12.0,6.90659,,0,,,DT[rcgfeClHoJPdBNqFaRMGkEi],"[(14,6,1,5),(1,22,2,23),(23,2,24,3),(26,4,15,3),(4,16,5,15),(29,7,30,6),(7,13,8,12),(8,19,9,20),(32,9,33,10),(10,31,11,32),(20,11,21,12),(28,13,29,14),(16,27,17,28),(17,35,18,34),(33,19,34,18),(21,31,22,30),(24,35,25,36),(36,25,27,26)]","[(3,1),(0,1),(0,1)]"
19nh_000003570_2,19nh_000003570,(1.9919983597027269-1.2093124703236573j),1.39919760211604 + 2.30478010994891*I,1.02518349375045,14.795357920709725,19,tvLLLwALLMPQQkdgfghljomnrsqrqpqsrsslaagbwmhqlhvgbbsfwf_Bbab,"[(46,66,47,65),(89,64,0,65),(47,14,48,15),(15,48,16,49),(88,50,89,49),(87,17,88,16),(17,87,18,86),(85,19,86,18),(50,19,51,20),(51,85,52,84),(20,84,21,83),(63,82,64,83),(21,52,22,53),(13,22,14,23),(66,24,67,23),(58,68,59,67),(12,60,13,59),(60,54,61,53),(54,12,55,11),(34,55,35,56),(68,36,69,35),(57,36,58,37),(69,57,70,56),(33,11,34,10),(70,9,71,10),(32,72,33,71),(61,72,62,73),(73,62,74,63),(8,38,9,37),(74,81,75,82),(31,81,32,80),(7,25,8,24),(79,39,80,38),(78,26,79,25),(39,26,40,27),(27,40,28,41),(77,6,78,7),(28,6,29,5),(41,5,42,4),(3,43,4,42),(2,30,3,29),(43,30,44,31),(44,76,45,75),(1,76,2,77),(45,1,46,0)]",45.0,43.6226,0.0,1.0,1,-1,-1,,,2.0,2.0,,12.0,25.7054,,0,,,DT[uciffKlPtSBhoQUNrEdgCfIamJ],"[(18,22,1,21),(1,36,2,37),(23,3,24,2),(10,3,11,4),(4,32,5,31),(42,6,31,5),(39,6,40,7),(7,27,8,26),(8,37,9,38),(24,10,25,9),(11,33,12,32),(15,12,16,13),(13,28,14,29),(29,14,30,15),(16,33,17,34),(34,17,35,18),(30,41,19,42),(40,19,41,20),(20,28,21,27),(35,23,36,22),(25,39,26,38)]","[(-5,1),(0,1),(0,1)]"
19nh_000032808_0,19nh_000032808,(2.2909080600594733+1.1715315312652073j),-1.11180067177667 + 2.17410547832377*I,1.09808380862243,18.71828617286433,23,xLvvLLPwvzQQQPPQccehljnqtusumnprsurvtwwvwqqfivhmlhafsjkbnwrljpqmg_BbaB,"[(49,67,50,66),(48,13,49,14),(12,67,13,68),(47,30,48,31),(14,32,15,31),(15,46,16,47),(29,17,30,16),(68,17,69,18),(11,19,12,18),(69,10,70,11),(28,10,29,9),(70,80,71,79),(27,80,28,81),(8,81,9,82),(82,46,83,45),(32,84,33,83),(65,84,66,85),(85,50,0,51),(64,52,65,51),(33,52,34,53),(53,34,54,35),(54,64,55,63),(62,35,63,36),(44,61,45,62),(60,8,61,7),(43,37,44,36),(59,27,60,26),(58,71,59,72),(78,57,79,58),(25,72,26,73),(6,73,7,74),(37,75,38,74),(77,24,78,25),(75,39,76,38),(76,5,77,6),(39,4,40,5),(40,23,41,24),(3,23,4,22),(2,41,3,42),(21,42,22,43),(1,57,2,56),(20,56,21,55),(19,1,20,0)]",43.0,50.1126,0.0,1.0,1,-1,-1,,,-2.0,-2.0,,10.0,189.275,,0,,,DT[xchigIfEOtUkwXmAsPjCVhQGdbNLR],"[(16,18,1,17),(20,2,21,1),(11,3,12,2),(3,41,4,40),(4,10,5,9),(28,6,29,5),(6,30,7,29),(7,38,8,39),(39,8,40,9),(10,41,11,42),(21,12,22,13),(36,13,37,14),(45,15,46,14),(15,32,16,33),(34,48,17,47),(25,19,26,18),(19,27,20,26),(37,22,38,23),(44,24,45,23),(24,31,25,32),(42,27,43,28),(30,43,31,44),(48,34,35,33),(46,35,47,36)]","[(0,1),(0,1),(0,1)]"
19nh_000076489_0,19nh_000076489,(1.516148647104941+0.9509983259907748j),-1.86547102711472 + 2.97406556528563*I,1.0105834686286,18.774498119342912,23,xvLLLzwzvQwLQQQQcdgfihkpmnoswtwvquurvwutvslmagrxmxxsxsakvkccbmnnf_bBBa,"[(32,74,33,73),(72,34,73,33),(71,21,72,20),(8,22,9,21),(22,10,23,9),(23,35,24,34),(52,35,53,36),(51,24,52,25),(53,10,54,11),(7,54,8,55),(70,55,71,56),(11,37,12,36),(19,56,20,57),(74,58,75,57),(82,37,83,38),(6,83,7,84),(69,84,70,85),(68,6,69,5),(38,81,39,82),(80,39,81,40),(18,85,19,86),(40,79,41,80),(78,67,79,68),(75,87,76,86),(77,4,78,5),(76,17,77,18),(41,13,42,12),(58,88,59,87),(16,4,17,3),(88,60,89,59),(13,67,14,66),(89,2,90,3),(42,26,43,25),(90,15,91,16),(14,91,15,92),(92,65,93,66),(60,32,61,31),(26,93,27,94),(43,50,44,51),(49,95,50,94),(1,30,2,31),(95,45,0,44),(27,65,28,64),(48,63,49,64),(28,47,29,48),(46,29,47,30),(62,45,63,46),(61,0,62,1)]",48.0,45.2633,0.0,1.0,1,-1,-1,,,-2.0,-2.0,,12.0,20.5118,,0,,,DT[wcbjkDftqRSMWovpGLKujcbEAhiN],"[(4,8,1,7),(38,2,39,1),(11,3,12,2),(3,35,4,34),(39,24,40,5),(5,32,6,33),(33,6,34,7),(8,35,9,36),(36,9,37,10),(10,37,11,38),(12,26,13,25),(22,14,23,13),(14,45,15,46),(15,41,16,40),(29,17,30,16),(17,42,18,43),(43,18,44,19),(19,31,20,30),(31,21,32,20),(26,21,27,22),(46,24,25,23),(44,28,45,27),(41,28,42,29)]","[(-1,1),(0,1),(0,1)]"
19nh_000018991_0,19nh_000018991,(1.9664472410446807+0.787163086683782j),-1.10238424597440 + 2.75391528863487*I,1.19003387329696,18.272301015267114,24,yvLALvvPzzAwQAQQQdcfgiojqrmtspvwqtvusxwwxxssamsmbpajovfaajsxqblujvf_bBaB,"[(28,58,29,57),(58,13,59,14),(59,47,60,46),(47,61,48,60),(12,61,13,62),(62,28,63,27),(11,26,12,27),(48,26,49,25),(24,50,25,49),(23,10,24,11),(22,64,23,63),(45,76,46,77),(77,50,78,51),(14,76,15,75),(44,15,45,16),(78,10,79,9),(79,64,80,65),(21,80,22,81),(8,51,9,52),(81,39,82,38),(56,39,57,40),(55,82,56,83),(20,37,21,38),(36,65,37,66),(35,52,36,53),(54,20,55,19),(66,54,67,53),(67,19,68,18),(34,8,35,7),(16,34,17,33),(6,17,7,18),(68,5,69,6),(4,84,5,83),(69,84,70,85),(3,70,4,71),(71,2,72,3),(1,41,2,40),(72,41,73,42),(85,32,86,33),(43,87,44,86),(42,31,43,32),(87,74,0,75),(30,74,31,73),(29,0,30,1)]",44.0,53.0395,0.0,1.0,1,-1,-1,,,-2.0,-2.0,,12.0,22.1335,,0,,,DT[wcdijMJrFTLWiqgNUDaSvBhPkEoC],"[(8,26,1,25),(1,27,2,46),(2,20,3,19),(32,4,33,3),(35,4,36,5),(44,6,45,5),(6,11,7,12),(24,8,25,7),(26,40,9,39),(40,10,41,9),(10,24,11,23),(12,46,13,45),(13,19,14,18),(17,15,18,14),(15,34,16,35),(33,16,34,17),(20,27,21,28),(21,39,22,38),(22,41,23,42),(28,38,29,37),(29,42,30,43),(43,30,44,31),(36,32,37,31)]","[(0,1),(0,1),(0,1)]"
19nh_000066839_0,19nh_000066839,(1.8037697146615417+0.854952170918317j),-1.34817031828228 + 2.84435653015674*I,1.12817991327623,19.14595093684217,24,yLvALvvPAvQPAPMQQadfgjopmprsqurtvuwuvtwxxxjaqjccmnutqaateaejnngcmuq_Baab,"[(64,53,65,54),(28,65,29,66),(29,53,30,52),(51,31,52,30),(50,63,51,64),(31,88,32,89),(89,67,90,66),(62,88,63,87),(90,27,91,28),(54,91,55,0),(67,26,68,27),(68,56,69,55),(41,86,42,87),(85,42,86,43),(84,62,85,61),(83,32,84,33),(33,82,34,83),(60,82,61,81),(59,34,60,35),(11,56,12,57),(12,26,13,25),(58,13,59,14),(24,57,25,58),(35,15,36,14),(80,15,81,16),(43,17,44,16),(44,79,45,80),(17,78,18,79),(23,11,24,10),(9,23,10,22),(18,46,19,45),(8,69,9,70),(21,37,22,36),(70,37,71,38),(20,71,21,72),(72,19,73,20),(73,46,74,47),(47,39,48,38),(7,49,8,48),(6,40,7,39),(74,5,75,6),(4,75,5,76),(76,3,77,4),(2,77,3,78),(40,2,41,1),(49,1,50,0)]",46.0,65.5922,0.0,1.0,1,-1,-1,,,-2.0,-2.0,,12.0,186.008,,0,,,DT[xcbnhMqXegIdTFOPcBrSWlavUHnJK],"[(4,26,1,25),(1,35,2,34),(33,3,34,2),(24,4,25,3),(32,48,5,47),(5,23,6,22),(9,7,10,6),(7,13,8,12),(13,9,14,8),(10,17,11,18),(16,11,17,12),(14,39,15,40),(40,15,41,16),(18,29,19,30),(44,20,45,19),(20,32,21,31),(46,21,47,22),(23,48,24,33),(35,26,36,27),(27,43,28,42),(28,37,29,38),(30,45,31,46),(43,36,44,37),(38,41,39,42)]","[(-1,1),(0,1),(0,1)]"
19nh_000066841_0,19nh_000066841,(1.8037697146615421+0.8549521709183174j),-1.34817031828228 + 2.84435653015674*I,1.12817991327623,19.14595093684217,24,yLvvwLAvwzQPMQPQQcgjlmnrtqmptnutswwxuvuvxxiasiauaahlnsngwwpexwogsuk_baBB,"[(14,42,15,41),(28,13,29,14),(12,29,13,30),(42,12,43,11),(43,30,44,31),(31,10,32,11),(27,44,28,45),(26,78,27,77),(45,76,46,77),(75,46,76,47),(91,33,0,32),(90,9,91,10),(89,79,90,78),(79,8,80,9),(25,89,26,88),(80,34,81,33),(34,82,35,81),(74,88,75,87),(86,74,87,73),(56,8,57,7),(55,82,56,83),(6,83,7,84),(24,57,25,58),(58,23,59,24),(85,23,86,22),(84,59,85,60),(54,35,55,36),(5,36,6,37),(21,60,22,61),(72,61,73,62),(4,54,5,53),(47,63,48,62),(48,71,49,72),(63,41,64,40),(15,65,16,64),(49,20,50,21),(70,20,71,19),(37,50,38,51),(38,70,39,69),(39,19,40,18),(68,51,69,52),(52,67,53,68),(3,66,4,67),(2,17,3,18),(16,1,17,2),(65,0,66,1)]",46.0,26.9032,0.0,1.0,1,-1,-1,,,-2.0,-2.0,,12.0,60.5224,,0,,,DT[ycbohEgYwUtsRxpMoJLVkiCAfbNdqh],"[(4,10,1,9),(36,1,37,2),(13,3,14,2),(3,40,4,41),(34,49,5,50),(50,5,35,6),(45,7,46,6),(7,45,8,44),(8,41,9,42),(39,10,40,11),(11,38,12,39),(37,12,38,13),(14,35,15,36),(15,49,16,48),(47,17,48,16),(17,33,18,32),(31,19,32,18),(24,19,25,20),(20,25,21,26),(21,31,22,30),(29,23,30,22),(26,23,27,24),(42,27,43,28),(28,43,29,44),(33,47,34,46)]","[(1,1),(0,1),(0,1)]"
19nh_000177115_0,19nh_000177115,(2.7755135943946945-0.8552107212122811j),0.637052273950717 + 2.06749892492447*I,1.27190033199577,21.900458912049302,27,BvLLvvLQPvPPwQQvQQQeghmkoknlsosuwvxturwvAyzzAAzgxsvvawfneldibstwwbgfetefgvo_bBaB,"[(90,15,91,16),(43,15,44,14),(13,43,14,42),(71,17,72,16),(70,92,71,91),(12,70,13,69),(68,41,69,42),(11,92,12,93),(22,67,23,68),(23,40,24,41),(24,94,25,93),(94,26,95,25),(39,26,40,27),(95,10,96,11),(17,96,18,97),(97,73,0,72),(38,10,39,9),(18,38,19,37),(36,73,37,74),(8,28,9,27),(66,8,67,7),(6,21,7,22),(65,28,66,29),(29,21,30,20),(19,65,20,64),(63,74,64,75),(75,30,76,31),(76,6,77,5),(56,78,57,77),(78,56,79,55),(44,80,45,79),(45,54,46,55),(57,46,58,47),(89,80,90,81),(88,54,89,53),(58,88,59,87),(47,87,48,86),(4,85,5,86),(3,49,4,48),(2,60,3,59),(52,2,53,1),(51,60,52,61),(31,85,32,84),(83,63,84,62),(32,49,33,50),(50,33,51,34),(34,61,35,62),(82,36,83,35),(81,0,82,1)]",49.0,54.6985,2.0,1.0,1,-1,-1,,,2.0,2.0,,10.0,38773.2,,0,,,DT[zcdnhRqPoGwUVasCnTxyJzibDMEHflk],"[(8,36,1,35),(1,16,2,17),(33,3,34,2),(3,52,4,37),(4,32,5,31),(20,5,21,6),(29,7,30,6),(38,7,39,8),(36,13,9,14),(42,10,43,9),(45,10,46,11),(11,46,12,47),(12,42,13,41),(14,43,15,44),(44,15,45,16),(17,34,18,35),(37,19,38,18),(30,19,31,20),(21,51,22,50),(27,23,28,22),(23,48,24,49),(24,40,25,39),(40,26,41,25),(47,26,48,27),(49,29,50,28),(51,32,52,33)]","[(0,1),(0,1),(0,1)]"
19nh_000177116_1,19nh_000177116,(2.7755135943947074+0.855210721212279j),-0.637052273950710 + 2.06749892492446*I,1.27190033199577,21.900458912049302,27,BLvvLALwMAwLLzQQMQQcehijlmmklmvqryuzyvuzywxxAAAhhgbvdmdfmqeochqivvvwvrbcppi_abBa,"[(26,43,27,44),(97,42,0,43),(41,96,42,97),(40,68,41,67),(66,25,67,26),(39,24,40,25),(65,45,66,44),(52,24,53,23),(51,68,52,69),(50,96,51,95),(22,54,23,53),(69,54,70,55),(21,38,22,39),(70,38,71,37),(94,56,95,55),(56,49,57,50),(45,20,46,21),(93,36,94,37),(35,49,36,48),(46,72,47,71),(47,92,48,93),(72,91,73,92),(19,91,20,90),(89,64,90,65),(88,28,89,27),(18,73,19,74),(28,81,29,82),(63,83,64,82),(83,75,84,74),(75,63,76,62),(84,17,85,18),(34,86,35,85),(57,86,58,87),(33,58,34,59),(16,59,17,60),(8,61,9,62),(60,9,61,10),(76,7,77,8),(6,77,7,78),(15,11,16,10),(78,29,79,30),(5,15,6,14),(32,12,33,11),(13,31,14,30),(4,32,5,31),(12,4,13,3),(79,2,80,3),(1,80,2,81),(87,1,88,0)]",49.0,34.1072,2.0,1.0,1,-1,-1,,,-2.0,-2.0,,12.0,487.487,,0,,,DT[zcdscVuopGhWmqLZrFedcsiknXyTJaB],"[(8,44,1,43),(1,48,2,49),(41,3,42,2),(50,3,51,4),(29,4,30,5),(5,30,6,31),(31,6,32,7),(7,28,8,29),(46,13,9,14),(9,27,10,26),(15,10,16,11),(24,12,25,11),(12,45,13,46),(25,14,26,15),(33,17,34,16),(17,35,18,34),(18,23,19,24),(52,20,47,19),(20,52,21,51),(21,36,22,37),(35,22,36,23),(27,39,28,38),(37,33,38,32),(44,39,45,40),(40,47,41,48),(49,42,50,43)]","[(0,1),(0,1),(0,1)]"
19nh_001336127_0,19nh_001336127,(1.5221093575333344+0.3851090552853144j),-0.981577280382570 + 3.87959707284869*I,1.32298663207082,22.812574468003582,31,FLLPLvvAvLLzzQMwPQQPQkacffgjmlpnvrqxzxwCzuABAByCEADEDEjkugacaqcrancemiaheolxonrwafwtkt_baBB,"[(99,17,0,16),(17,36,18,37),(35,18,36,19),(19,34,20,35),(33,20,34,21),(21,99,22,98),(97,33,98,32),(22,16,23,15),(77,97,78,96),(23,44,24,45),(45,14,46,15),(46,31,47,32),(78,47,79,48),(48,79,49,80),(95,81,96,80),(30,49,31,50),(13,50,14,51),(81,76,82,77),(37,82,38,83),(29,64,30,65),(12,65,13,66),(51,67,52,66),(94,63,95,64),(67,24,68,25),(52,25,53,26),(28,94,29,93),(11,27,12,26),(92,28,93,27),(68,44,69,43),(62,76,63,75),(38,62,39,61),(10,92,11,91),(53,43,54,42),(90,41,91,42),(9,40,10,41),(39,75,40,74),(89,9,90,8),(54,7,55,8),(69,6,70,7),(70,56,71,55),(5,56,6,57),(4,71,5,72),(3,89,4,88),(72,87,73,88),(73,2,74,3),(57,86,58,87),(85,58,86,59),(60,1,61,2),(59,84,60,85),(83,1,84,0)]",50.0,40.9782,0.0,1.0,1,-1,-1,,,0.0,-2.0,,12.0,171275.0,,0,,,DT[ycejjDCNAYSLrXtqWvPBOhkMuifGJE],"[(10,8,1,7),(6,2,7,1),(2,6,3,5),(28,3,29,4),(4,27,5,28),(8,49,9,50),(48,9,49,10),(30,38,11,37),(11,42,12,43),(12,23,13,24),(44,13,45,14),(35,15,36,14),(15,33,16,32),(16,47,17,48),(17,40,18,41),(39,18,40,19),(46,19,47,20),(33,21,34,20),(21,35,22,34),(22,45,23,46),(43,24,44,25),(36,26,37,25),(26,32,27,31),(50,30,31,29),(41,39,42,38)]","[(-1,1),(0,1),(0,1)]"
19nh_002457201_0,19nh_002457201,(2.8062450248019593+0.4326088807453283j),-0.337150494355154 + 2.18702606327364*I,1.4178410680078,25.604205742429134,33,HLLLwAwLwLLzwMvvQMQPQQQcdefhhikmmoqtwvuzDyEwxzCBEFBFGGDGFhsdarkarojhcfaqqxdnvgjgcfviwthmcxa_bBBa,"[(60,81,61,82),(59,47,60,46),(67,81,68,80),(68,47,69,48),(48,79,49,80),(78,70,79,69),(49,70,50,71),(77,58,78,59),(45,77,46,76),(50,58,51,57),(82,75,83,76),(44,51,45,52),(83,53,84,52),(56,43,57,44),(71,43,72,42),(55,85,56,84),(72,85,73,86),(54,13,55,14),(14,53,15,54),(73,13,74,12),(15,75,16,74),(11,86,12,87),(87,107,88,106),(10,105,11,106),(41,104,42,105),(88,21,89,22),(107,20,108,21),(9,23,10,22),(40,24,41,23),(8,40,9,39),(24,8,25,7),(89,38,90,39),(25,90,26,91),(26,38,27,37),(108,28,109,27),(91,6,92,7),(36,6,37,5),(4,36,5,35),(19,28,20,29),(29,18,30,19),(103,93,104,92),(102,3,103,4),(101,34,102,35),(2,93,3,94),(109,100,110,101),(30,99,31,100),(33,111,34,110),(17,99,18,98),(97,17,98,16),(96,62,97,61),(31,62,32,63),(63,32,64,33),(64,96,65,95),(94,111,95,112),(1,113,2,112),(113,66,0,67),(65,0,66,1)]",57.0,97.8887,0.0,1.0,1,-1,-1,{},,-2.0,-2.0,,10.0,1107.75,,0,,,DT[ycdkjOPHexuMLQyrcGVWASkIBNfTDj],"[(8,30,1,29),(50,2,31,1),(2,32,3,31),(38,4,39,3),(4,16,5,15),(5,22,6,23),(9,7,10,6),(46,7,47,8),(47,9,48,30),(41,11,42,10),(11,43,12,42),(12,26,13,25),(24,14,25,13),(14,24,15,23),(16,33,17,34),(36,17,37,18),(49,18,50,19),(19,48,20,49),(35,21,36,20),(21,35,22,34),(26,43,27,44),(40,27,41,28),(28,46,29,45),(32,37,33,38),(44,40,45,39)]","[(0,1),(0,1),(0,1)]"
17nh_0016322_0,17nh_0016322,(1.9051676824572834-0.49262835776835634j),0.799328051291295 + 3.09128361570653*I,1.31776368525723,17.558451215080506,21,vLLLLwwAwLAAPQQccegfhkjloponstqrustuulnanvgptlaamvagcrdbjlm_aBBb,"[(41,27,42,26),(25,43,26,42),(32,44,33,43),(31,24,32,25),(23,30,24,31),(29,22,30,23),(59,29,60,28),(27,61,28,60),(58,22,59,21),(40,8,41,7),(8,62,9,61),(9,20,10,21),(57,11,58,10),(11,45,12,44),(56,45,57,46),(12,56,13,55),(33,55,34,54),(34,13,35,14),(72,20,73,19),(71,46,72,47),(47,19,48,18),(35,71,36,70),(17,36,18,37),(73,62,74,63),(39,74,40,75),(48,38,49,37),(63,39,64,38),(14,70,15,69),(49,64,50,65),(75,7,0,6),(65,50,66,51),(5,66,6,67),(4,51,5,52),(3,17,4,16),(15,3,16,2),(52,67,53,68),(68,1,69,2),(53,0,54,1)]",38.0,26.1691,0.0,1.0,2*t^6-4*t^5-2*t^4+9*t^3-2*t^2-4*t+2,1,1,{},1.0,0.0,0.0,"(0,0,0,0)",10.0,52.24061942100525,133.25130820274353,0,,,DT[xcdhlXMhPABRqcVosEtWDiuNlfGJk],"[(8,48,1,47),(24,1,9,2),(2,25,3,26),(10,4,11,3),(15,4,16,5),(5,16,6,17),(6,31,7,32),(30,7,31,8),(48,10,25,9),(11,41,12,40),(12,35,13,36),(42,14,43,13),(33,14,34,15),(17,32,18,33),(18,44,19,43),(44,20,45,19),(29,20,30,21),(21,47,22,46),(37,22,38,23),(23,38,24,39),(39,26,40,27),(36,28,37,27),(28,45,29,46),(41,34,42,35)]","[(0,1),(0,1),(0,1)]"
17nh_0026540_0,17nh_0026540,(2.1770511007026303-1.1325208908180837j),1.18160999618453 + 2.27141535635299*I,1.09111278147758,19.297848372396693,24,yvLvLLPvvwPPQQQQQehljipltqsoxqturvxwxwuvuwriarrirmqmarckwnsrwrovwgj_baBb,"[(78,56,79,55),(35,54,36,55),(101,37,102,36),(102,77,103,78),(56,103,57,0),(10,54,11,53),(100,9,101,10),(99,52,100,53),(11,98,12,99),(51,9,52,8),(34,98,35,97),(79,96,80,97),(95,80,96,81),(50,37,51,38),(94,34,95,33),(93,12,94,13),(13,92,14,93),(32,92,33,91),(49,77,50,76),(75,39,76,38),(57,49,58,48),(81,90,82,91),(64,40,65,39),(63,74,64,75),(58,65,59,66),(62,7,63,8),(6,61,7,62),(40,60,41,59),(73,60,74,61),(20,6,21,5),(19,73,20,72),(18,41,19,42),(14,22,15,21),(42,17,43,18),(4,16,5,15),(71,17,72,16),(31,22,32,23),(43,67,44,66),(3,30,4,31),(70,29,71,30),(28,67,29,68),(82,24,83,23),(2,84,3,83),(69,85,70,84),(85,69,86,68),(44,28,45,27),(45,86,46,87),(87,46,88,47),(26,48,27,47),(24,90,25,89),(88,2,89,1),(25,0,26,1)]",52.0,12.2797,,25.0,t^6-t^5-7*t^4+15*t^3-7*t^2-t+1,1,1,{},1.0,,,,12.0,,,0,,,DT[zcdgozJvYDNmixQtErSlWUgfaBPchok],"[(51,1,52,8),(1,39,2,38),(2,20,3,19),(40,4,41,3),(43,4,44,5),(5,44,6,45),(6,50,7,49),(22,8,9,7),(52,10,23,9),(10,27,11,28),(11,37,12,36),(25,12,26,13),(13,34,14,35),(17,14,18,15),(15,46,16,47),(47,16,48,17),(18,34,19,33),(39,21,40,20),(21,51,22,50),(23,28,24,29),(35,24,36,25),(26,37,27,38),(29,48,30,49),(30,46,31,45),(42,32,43,31),(32,42,33,41)]","[(0,1),(0,1),(0,1)]"
17nh_0298397_0,17nh_0298397,(2.0047745096330134+0.7798180784885964j),-1.05889139002336 + 2.72222268981386*I,1.19982551284609,23.061956007292864,30,EvLAvMvLwMMzLMPvQQAQQedfjhojmlqporxwusByvxCyBzACADDDrjaeranqplrrciaqfgvgrlsfsndfhtf_bBBa,"[(34,13,35,14),(35,49,36,48),(96,49,97,50),(97,13,98,12),(50,95,51,96),(11,95,12,94),(51,37,52,36),(10,37,11,38),(82,94,83,93),(98,84,99,83),(81,38,82,39),(92,100,93,99),(33,84,34,85),(91,32,92,33),(20,31,21,32),(21,101,22,100),(22,40,23,39),(80,24,81,23),(9,25,10,24),(40,101,41,102),(41,31,42,30),(102,79,103,80),(103,8,104,9),(29,79,30,78),(52,25,53,26),(104,54,105,53),(54,106,55,105),(7,106,8,107),(26,55,27,56),(27,7,28,6),(28,107,29,108),(77,108,78,109),(109,69,110,68),(67,77,68,76),(42,70,43,69),(19,70,20,71),(110,75,111,76),(74,44,75,43),(73,18,74,19),(90,71,91,72),(72,89,73,90),(66,6,67,5),(65,56,66,57),(111,4,112,5),(112,58,113,57),(64,114,65,113),(3,45,4,44),(58,45,59,46),(46,63,47,64),(47,115,48,114),(2,17,3,18),(59,17,60,16),(14,115,15,0),(15,63,16,62),(1,88,2,89),(60,88,61,87),(86,62,87,61),(85,0,86,1)]",58.0,10.2873,,121.0,2*t^6-11*t^5+28*t^4-39*t^3+28*t^2-11*t+2,1,1,{},1.0,,,,12.0,,,0,,,DT[zcdgoMjPxrtwOuYaSKDGChfZeviqNbL],"[(8,26,1,25),(1,20,2,21),(19,2,20,3),(3,48,4,49),(4,31,5,32),(30,5,31,6),(47,6,48,7),(26,8,27,7),(35,22,36,9),(9,38,10,39),(39,10,40,11),(11,34,12,35),(45,13,46,12),(28,13,29,14),(14,29,15,30),(15,33,16,32),(41,17,42,16),(17,43,18,42),(18,50,19,49),(24,22,25,21),(52,37,23,38),(50,23,51,24),(46,28,47,27),(33,45,34,44),(36,51,37,52),(43,41,44,40)]","[(0,1),(0,1),(0,1)]"
18nh_00000601_0,18nh_00000601,(1.858481702614764-1.3001896895730465j),1.58799031483242 + 2.26986182686516*I,0.960340353855595,11.572928776402437,13,nvLLvzQQQkdfiglmhmkkjmllkdabbvfkkjjffg_Bbba,"[(60,44,61,43),(42,0,43,61),(41,23,42,22),(21,45,22,44),(59,34,60,35),(20,33,21,34),(32,19,33,20),(45,19,46,18),(46,32,47,31),(47,59,48,58),(57,49,58,48),(35,56,36,57),(49,36,50,37),(30,9,31,10),(37,11,38,10),(17,8,18,9),(7,16,8,17),(15,41,16,40),(29,39,30,38),(6,40,7,39),(50,12,51,11),(28,52,29,51),(14,23,15,24),(5,53,6,52),(4,27,5,28),(26,3,27,4),(53,25,54,24),(2,25,3,26),(12,1,13,2),(13,55,14,54),(55,1,56,0)]",31.0,4.01097,,25.0,t^10-2*t^9+t^8-t^7+4*t^6-7*t^5+4*t^4-t^3+t^2-2*t+1,1,1,{'unknot': '0034_0_1'},,0.0,0.0,"(0,0,0,0)",10.0,14.290746212005615,37.538092613220215,0,,,DT[ycjkdnhQyUtMsaVweFIRCXOBgLJDkP],"[(27,1,28,20),(1,17,2,16),(15,3,16,2),(36,3,37,4),(4,33,5,34),(30,5,31,6),(49,7,50,6),(44,7,45,8),(8,42,9,41),(9,22,10,23),(39,11,40,10),(24,11,25,12),(12,25,13,26),(13,39,14,38),(37,15,38,14),(26,17,27,18),(18,43,19,44),(50,19,43,20),(45,21,46,42),(21,47,22,46),(40,24,41,23),(28,36,29,35),(34,30,35,29),(48,32,49,31),(32,48,33,47)]","[(1,1),(0,1),(0,1)]"
18nh_00000601_1,18nh_00000601,(1.8584817026147613-1.3001896895730494j),1.58799031483243 + 2.26986182686515*I,0.960340353855594,11.572928776402437,16,qLvvLwMzQQQkcgfhjlnkmpnpmpoooitcvvldfuttpajjfj_BabB,"[(20,43,21,44),(61,45,0,44),(60,22,61,21),(22,60,23,59),(45,59,46,58),(46,23,47,24),(24,35,25,36),(47,34,48,35),(57,37,58,36),(37,57,38,56),(25,48,26,49),(38,49,39,50),(11,43,12,42),(10,34,11,33),(32,41,33,42),(26,10,27,9),(40,27,41,28),(39,9,40,8),(50,8,51,7),(6,52,7,51),(5,29,6,28),(29,5,30,4),(12,20,13,19),(31,18,32,19),(17,30,18,31),(16,4,17,3),(15,52,16,53),(53,3,54,2),(1,55,2,54),(55,14,56,15),(13,0,14,1)]",31.0,4.23818,,25.0,t^10-2*t^9+t^8-t^7+4*t^6-7*t^5+4*t^4-t^3+t^2-2*t+1,1,1,{'unknot': '3670_0_0'},,0.0,0.0,"(0,0,0,0)",10.0,2.069035053253174,2.727762460708618,0,,,DT[ychnckRMnXcuoYTpaBEfSwlHJgIVqD],"[(21,1,22,16),(1,23,2,22),(2,35,3,36),(24,4,25,3),(4,26,5,25),(5,10,6,11),(27,7,28,6),(48,8,49,7),(8,48,9,47),(26,9,27,10),(11,28,12,29),(41,12,42,13),(13,40,14,41),(29,14,30,15),(36,15,37,16),(44,50,17,49),(42,17,43,18),(18,39,19,40),(38,19,39,20),(31,20,32,21),(23,34,24,35),(30,38,31,37),(45,33,46,32),(33,47,34,46),(50,44,45,43)]","[(-1,1),(0,1),(0,1)]"
18nh_00000601_2,18nh_00000601,(1.8584817026147644+1.3001896895730496j),-1.58799031483242 + 2.26986182686515*I,0.960340353855594,11.572928776402437,14,ovLLLLAQPQcddhgjhikkmlnnmnrwtkrnggftbappk_baab,"[(57,15,58,14),(34,14,35,13),(56,33,57,34),(15,33,16,32),(16,56,17,55),(54,18,55,17),(43,13,44,12),(44,35,45,36),(11,37,12,36),(10,46,11,45),(46,10,47,9),(47,58,48,59),(8,60,9,59),(60,8,61,7),(61,48,0,49),(37,7,38,6),(38,49,39,50),(5,51,6,50),(4,40,5,39),(51,40,52,41),(26,41,27,42),(42,25,43,26),(53,24,54,25),(27,52,28,53),(18,24,19,23),(28,4,29,3),(31,22,32,23),(2,30,3,29),(30,20,31,19),(1,20,2,21),(21,0,22,1)]",31.0,4.28789,,25.0,t^10-2*t^9+t^8-t^7+4*t^6-7*t^5+4*t^4-t^3+t^2-2*t+1,1,1,{'unknot': '7116_0_-1'},,0.0,0.0,"(0,0,0,0)",10.0,2.806403398513794,3.345705509185791,0,,,DT[ycgcoKxnIOstqWDUGrecMljPfaYHbV],"[(14,22,1,21),(1,40,2,41),(47,3,48,2),(3,47,4,46),(27,5,28,4),(5,29,6,28),(6,18,7,17),(18,8,19,7),(8,29,9,30),(9,27,10,26),(37,10,38,11),(11,38,12,39),(39,12,40,13),(22,14,23,13),(33,15,34,20),(44,16,45,15),(16,46,17,45),(19,35,20,34),(50,42,21,41),(23,33,24,32),(35,25,36,24),(30,26,31,25),(36,31,37,32),(42,50,43,49),(48,44,49,43)]","[(1,1),(0,1),(0,1)]"
19nh_000077044_0,19nh_000077044,(1.0791205802099102+0.813809044944448j),-2.79907550597555 + 3.71160778173198*I,0.924650258405273,18.27988371396389,25,zLLLMvwPLzPzwAAQQkcdgffhmkkpnrsrtvuwytxwvxyyhshannrsfhbmqkwufadnxllboo_BaaB,"[(44,8,45,7),(45,36,46,37),(8,35,9,36),(65,6,0,7),(64,38,65,37),(46,63,47,64),(9,62,10,63),(10,48,11,47),(61,48,62,49),(34,49,35,50),(33,61,34,60),(59,33,60,32),(58,11,59,12),(38,58,39,57),(39,12,40,13),(5,56,6,57),(4,14,5,13),(31,21,32,20),(50,19,51,20),(18,43,19,44),(21,41,22,40),(41,31,42,30),(51,43,52,42),(17,52,18,53),(22,30,23,29),(3,28,4,29),(23,2,24,3),(27,14,28,15),(16,2,17,1),(15,24,16,25),(26,56,27,55),(54,26,55,25),(53,0,54,1)]",33.0,55.709,0.0,81.0,2*t^6-9*t^5+18*t^4-23*t^3+18*t^2-9*t+2,1,1,"{'unknot':[[(44,8,45,7),(45,36,46,37),(8,35,9,36),(65,6,0,7),(64,38,65,37),(46,63,47,64),(9,62,10,63),(10,48,11,47),(61,48,62,49),(34,49,35,50),(33,61,34,60),(59,33,60,32),(58,11,59,12),(38,58,39,57),(39,12,40,13),(5,56,6,57),(4,14,5,13),(31,21,32,20),(50,19,51,20),(18,43,19,44),(21,41,22,40),(41,31,42,30),(51,43,52,42),(17,52,18,53),(22,30,23,29),(3,28,4,29),(23,2,24,3),(27,14,28,15),(16,2,17,1),(15,24,16,25),(26,56,27,55),(54,26,55,25),(53,0,54,1)],'351e_0_-1','unknot']}",,0.0,0.0,,10.0,18.4671,,0,,,DT[wcbhmTfoWNRsaEQVUpjDmlIBgHKC],"[(4,40,1,39),(1,15,2,14),(11,3,12,2),(36,4,37,3),(29,20,30,5),(44,6,45,5),(6,46,7,45),(28,8,29,7),(8,28,9,27),(16,10,17,9),(10,36,11,35),(37,13,38,12),(13,39,14,38),(40,16,41,15),(34,17,35,18),(18,33,19,34),(19,26,20,27),(46,44,21,43),(42,22,43,21),(22,42,23,41),(23,32,24,33),(31,24,32,25),(25,30,26,31)]","[(1,1),(0,1),(0,1)]"
19nh_000077044_1,19nh_000077044,(1.5155009410706812-0.6409654577450196j),1.48741865933455 + 3.51685781308410*I,1.17067209658686,18.889037918777056,28,CLLvLLwzPwzMQPzLQPQkcehhlkmjqtptosvrrrwxzxAyBzBABiiiradekalbmgdpofkogtslhenvjr_Bacb,"[(11,53,12,52),(53,65,54,64),(10,65,11,66),(63,55,64,54),(35,67,36,66),(34,51,35,52),(67,51,68,50),(68,34,69,33),(69,12,70,13),(32,14,33,13),(49,15,50,14),(48,31,49,32),(15,31,16,30),(29,17,30,16),(28,47,29,48),(80,17,81,18),(36,80,37,79),(18,38,19,37),(81,47,82,46),(9,78,10,79),(45,38,46,39),(62,77,63,78),(19,45,20,44),(43,21,44,20),(61,8,62,9),(21,60,22,61),(42,60,43,59),(7,23,8,22),(58,42,59,41),(55,77,56,76),(57,7,58,6),(56,23,57,24),(82,28,83,27),(5,40,6,41),(39,4,40,5),(26,4,27,3),(83,70,0,71),(71,2,72,3),(25,73,26,72),(73,25,74,24),(1,74,2,75),(75,0,76,1)]",42.0,54.3838,0.0,81.0,2*t^6-9*t^5+18*t^4-23*t^3+18*t^2-9*t+2,1,1,"{'unknot':[[(11,53,12,52),(53,65,54,64),(10,65,11,66),(63,55,64,54),(35,67,36,66),(34,51,35,52),(67,51,68,50),(68,34,69,33),(69,12,70,13),(32,14,33,13),(49,15,50,14),(48,31,49,32),(15,31,16,30),(29,17,30,16),(28,47,29,48),(80,17,81,18),(36,80,37,79),(18,38,19,37),(81,47,82,46),(9,78,10,79),(45,38,46,39),(62,77,63,78),(19,45,20,44),(43,21,44,20),(61,8,62,9),(21,60,22,61),(42,60,43,59),(7,23,8,22),(58,42,59,41),(55,77,56,76),(57,7,58,6),(56,23,57,24),(82,28,83,27),(5,40,6,41),(39,4,40,5),(26,4,27,3),(83,70,0,71),(71,2,72,3),(25,73,26,72),(73,25,74,24),(1,74,2,75),(75,0,76,1)],'7f89_0_0','unknot']}",,0.0,0.0,,10.0,15.7703,,0,,,DT[scbihIqSFlONKBRHmePCDGaJ],"[(4,18,1,17),(1,35,2,34),(33,3,34,2),(16,4,17,3),(22,38,5,37),(28,5,29,6),(6,11,7,12),(30,8,31,7),(23,8,24,9),(9,24,10,25),(10,30,11,29),(12,27,13,28),(32,14,33,13),(14,22,15,21),(20,16,21,15),(18,36,19,35),(36,20,37,19),(25,38,26,23),(26,32,27,31)]","[(2,1),(0,1),(0,1)]"
19nh_000187109_0,19nh_000187109,(2.1003266946805144-0.7509439866238893j),0.948350966700630 + 2.65245728944764*I,1.22742309247849,20.879563753891023,25,zvLLvLLPzPAPMLQAQkdfkoinplomrsusuwvsrxvxyyyxcaqpvaukikxaaabaannhialkss_baBb,"[(13,32,14,33),(66,34,67,33),(55,12,56,13),(54,68,55,67),(34,53,35,54),(35,69,36,68),(24,12,25,11),(36,26,37,25),(10,24,11,23),(9,56,10,57),(22,38,23,37),(57,38,58,39),(8,32,9,31),(30,40,31,39),(29,59,30,58),(28,21,29,22),(27,78,28,79),(79,26,80,27),(80,69,81,70),(81,53,82,52),(20,77,21,78),(65,82,66,83),(14,0,15,83),(59,77,60,76),(51,64,52,65),(50,16,51,15),(63,17,64,16),(70,17,71,18),(71,63,72,62),(44,20,45,19),(18,46,19,45),(61,46,62,47),(43,60,44,61),(42,76,43,75),(3,75,4,74),(4,47,5,48),(72,6,73,5),(73,49,74,48),(49,6,50,7),(41,2,42,3),(1,40,2,41),(7,0,8,1)]",42.0,43.7086,0.0,49.0,4*t^4-12*t^3+17*t^2-12*t+4,1,1,"{'unknot':[[(13,32,14,33),(66,34,67,33),(55,12,56,13),(54,68,55,67),(34,53,35,54),(35,69,36,68),(24,12,25,11),(36,26,37,25),(10,24,11,23),(9,56,10,57),(22,38,23,37),(57,38,58,39),(8,32,9,31),(30,40,31,39),(29,59,30,58),(28,21,29,22),(27,78,28,79),(79,26,80,27),(80,69,81,70),(81,53,82,52),(20,77,21,78),(65,82,66,83),(14,0,15,83),(59,77,60,76),(51,64,52,65),(50,16,51,15),(63,17,64,16),(70,17,71,18),(71,63,72,62),(44,20,45,19),(18,46,19,45),(61,46,62,47),(43,60,44,61),(42,76,43,75),(3,75,4,74),(4,47,5,48),(72,6,73,5),(73,49,74,48),(49,6,50,7),(41,2,42,3),(1,40,2,41),(7,0,8,1)],'5707_0_0','unknot']}",,0.0,0.0,,12.0,202.783,,0,,,DT[xcidkOPKHGrsDCVXtAQMLuJwibNfE],"[(18,30,1,29),(24,2,25,1),(2,31,3,32),(3,40,4,41),(4,22,5,21),(16,5,17,6),(6,15,7,16),(14,7,15,8),(8,13,9,14),(46,10,47,9),(35,10,36,11),(11,45,12,44),(37,13,38,12),(17,39,18,38),(26,43,19,44),(34,20,35,19),(20,48,21,47),(39,22,40,23),(30,23,31,24),(28,26,29,25),(48,34,27,33),(42,27,43,28),(41,33,42,32),(45,36,46,37)]","[(-1,1),(0,1),(0,1)]"
19nh_003361975_0,19nh_003361975,(1.5956026650741717+0.7667047114417693j),-1.53723032909649 + 3.19915708529657*I,1.12286108199568,24.65647249794917,33,HLvwLLzvPAwwzLQPzQwQQAQadhjlqklopsqxryzuvuDwCABFzADEFEGGGjajpajcvrbpjtbqtnnfxkmbkpvvmdxkalt_abBb,"[(167,102,0,103),(166,27,167,28),(103,29,104,28),(165,75,166,74),(104,73,105,74),(29,72,30,73),(120,71,121,72),(121,31,122,30),(31,123,32,122),(32,106,33,105),(123,107,124,106),(33,164,34,165),(163,125,164,124),(107,162,108,163),(108,126,109,125),(70,162,71,161),(69,126,70,127),(127,68,128,69),(128,110,129,109),(160,68,161,67),(159,110,160,111),(129,35,130,34),(14,35,15,36),(15,159,16,158),(16,111,17,112),(17,67,18,66),(112,157,113,158),(113,37,114,36),(65,157,66,156),(119,18,120,19),(86,38,87,37),(85,64,86,65),(63,38,64,39),(84,155,85,156),(118,84,119,83),(154,117,155,118),(39,62,40,63),(40,88,41,87),(61,116,62,117),(88,116,89,115),(41,115,42,114),(153,61,154,60),(59,82,60,83),(152,89,153,90),(151,42,152,43),(43,150,44,151),(58,20,59,19),(44,13,45,14),(45,131,46,130),(12,131,13,132),(149,132,150,133),(90,134,91,133),(134,82,135,81),(135,20,136,21),(148,12,149,11),(21,80,22,81),(91,10,92,11),(57,136,58,137),(92,147,93,148),(93,47,94,46),(146,47,147,48),(9,48,10,49),(49,8,50,9),(50,145,51,146),(7,145,8,144),(143,7,144,6),(142,51,143,52),(5,52,6,53),(141,94,142,95),(4,95,5,96),(53,97,54,96),(75,141,76,140),(22,98,23,97),(79,98,80,99),(78,23,79,24),(76,4,77,3),(77,54,78,55),(99,57,100,56),(24,56,25,55),(26,139,27,140),(25,2,26,3),(100,137,101,138),(1,139,2,138),(101,0,102,1)]",84.0,112.569,0.0,361.0,t^8-9*t^7+36*t^6-81*t^5+107*t^4-81*t^3+36*t^2-9*t+1,1,1,"{'unknot':[[(167,102,0,103),(166,27,167,28),(103,29,104,28),(165,75,166,74),(104,73,105,74),(29,72,30,73),(120,71,121,72),(121,31,122,30),(31,123,32,122),(32,106,33,105),(123,107,124,106),(33,164,34,165),(163,125,164,124),(107,162,108,163),(108,126,109,125),(70,162,71,161),(69,126,70,127),(127,68,128,69),(128,110,129,109),(160,68,161,67),(159,110,160,111),(129,35,130,34),(14,35,15,36),(15,159,16,158),(16,111,17,112),(17,67,18,66),(112,157,113,158),(113,37,114,36),(65,157,66,156),(119,18,120,19),(86,38,87,37),(85,64,86,65),(63,38,64,39),(84,155,85,156),(118,84,119,83),(154,117,155,118),(39,62,40,63),(40,88,41,87),(61,116,62,117),(88,116,89,115),(41,115,42,114),(153,61,154,60),(59,82,60,83),(152,89,153,90),(151,42,152,43),(43,150,44,151),(58,20,59,19),(44,13,45,14),(45,131,46,130),(12,131,13,132),(149,132,150,133),(90,134,91,133),(134,82,135,81),(135,20,136,21),(148,12,149,11),(21,80,22,81),(91,10,92,11),(57,136,58,137),(92,147,93,148),(93,47,94,46),(146,47,147,48),(9,48,10,49),(49,8,50,9),(50,145,51,146),(7,145,8,144),(143,7,144,6),(142,51,143,52),(5,52,6,53),(141,94,142,95),(4,95,5,96),(53,97,54,96),(75,141,76,140),(22,98,23,97),(79,98,80,99),(78,23,79,24),(76,4,77,3),(77,54,78,55),(99,57,100,56),(24,56,25,55),(26,139,27,140),(25,2,26,3),(100,137,101,138),(1,139,2,138),(101,0,102,1)],'5d59_0_0','unknot']}",,,,,14.0,,,0,,,DT[xcbimEvIHXwADCtqMRujsoLkpnGfb],"[(4,10,1,9),(12,2,13,1),(43,2,44,3),(3,46,4,47),(22,18,5,17),(16,6,17,5),(6,16,7,15),(14,8,15,7),(8,47,9,48),(45,10,46,11),(11,44,12,45),(42,13,43,14),(39,19,40,18),(19,29,20,28),(33,21,34,20),(21,37,22,36),(48,26,23,25),(34,24,35,23),(24,36,25,35),(41,26,42,27),(27,40,28,41),(29,32,30,33),(37,30,38,31),(31,38,32,39)]","[(1,1),(0,1),(0,1)]"
17nh_0010647_1,17nh_0010647,(2.2345600179111087+0.32749215374418156j),-0.403429079892554 + 2.75269645908756*I,1.42527454237755,17.525384146301906,21,vvLLLLvzAMPAQQQdfijkijloqqrsprrtuqtuucaxmcrcgaugrwfbscmnomq_BabB,"[(23,68,24,69),(69,79,70,78),(77,23,78,22),(24,0,25,79),(76,68,77,67),(47,66,48,67),(46,21,47,22),(75,49,76,48),(65,75,66,74),(20,32,21,31),(30,45,31,46),(70,29,71,30),(71,44,72,45),(32,73,33,74),(19,73,20,72),(64,34,65,33),(34,64,35,63),(35,19,36,18),(17,37,18,36),(62,49,63,50),(37,51,38,50),(16,51,17,52),(61,39,62,38),(52,44,53,43),(53,29,54,28),(8,28,9,27),(9,54,10,55),(26,56,27,55),(25,11,26,10),(7,43,8,42),(15,6,16,7),(41,57,42,56),(40,12,41,11),(57,12,58,13),(60,5,61,6),(4,59,5,60),(3,14,4,15),(13,2,14,3),(58,1,59,2),(39,1,40,0)]",40.0,4.44361,0.0,1.0,1,-1,-1,{},,0.0,0.0,"(0,0,0,0)",10.0,24.25220274925232,42.515413999557495,0,"(0,0,0,0)","(2,2,0,0)",DT[scdifSmJkOBcNQPFrdAHEIgl],"[(8,38,1,37),(38,2,27,1),(25,3,26,2),(10,3,11,4),(4,20,5,19),(5,12,6,13),(21,7,22,6),(7,25,8,24),(26,30,9,29),(30,10,31,9),(20,11,21,12),(13,35,14,34),(14,27,15,28),(28,15,29,16),(16,33,17,34),(32,17,33,18),(18,31,19,32),(35,22,36,23),(23,36,24,37)]","[(-1,1),(0,1),(0,1)]"
16n68278_0,16n68278,(2.7054063229130394+0.02621960760083229j),-0.0225061010770796 + 2.32223720068635*I,1.56110507024642,19.553081851845207,23,xLvLLLLLLLLAQQQQcbfghklmmoqrovrqvsstwuwvwxhxgpxahngvkxswpgggpmxgw_abBb,"[(81,20,82,21),(54,22,55,21),(22,56,23,55),(56,24,57,23),(97,24,98,25),(53,98,54,99),(82,0,83,99),(96,57,97,58),(95,81,96,80),(11,58,12,59),(59,10,60,11),(60,79,61,80),(61,94,62,95),(12,25,13,26),(26,9,27,10),(27,78,28,79),(28,93,29,94),(29,63,30,62),(8,78,9,77),(7,93,8,92),(76,14,77,13),(38,20,39,19),(30,40,31,39),(18,32,19,31),(63,41,64,40),(41,65,42,64),(6,65,7,66),(91,66,92,67),(5,42,6,43),(90,43,91,44),(67,14,68,15),(44,15,45,16),(89,5,90,4),(16,3,17,4),(17,88,18,89),(2,88,3,87),(75,68,76,69),(69,53,70,52),(1,32,2,33),(70,83,71,84),(74,51,75,52),(45,51,46,50),(84,73,85,74),(49,87,50,86),(85,47,86,46),(48,33,49,34),(34,47,35,48),(35,73,36,72),(71,37,72,36),(37,0,38,1)]",50.0,14.3346,0.0,1.0,1,-1,-1,{},,0.0,0.0,"(0,0,0,0)",12.0,104.4128484725952,690.5004742145538,0,"(0,0,0,0)","(0,0,-2,-2)",DT[tcbjhTDJBgQmsOLhPcekIRFnA],"[(4,40,1,39),(38,2,39,1),(2,8,3,7),(6,4,7,3),(24,20,5,19),(5,40,6,25),(13,8,14,9),(9,27,10,26),(10,33,11,34),(34,11,35,12),(25,13,26,12),(37,14,38,15),(15,20,16,21),(16,30,17,29),(30,18,31,17),(18,24,19,23),(21,29,22,28),(22,31,23,32),(27,37,28,36),(32,35,33,36)]","[(1,1),(0,1),(0,1)]"
17nh_0005263_1,17nh_0005263,(2.467862506117996-1.0255459659467516j),0.902214261611107 + 2.17107845249970*I,1.17694818257645,17.599369720154613,24,yvLLvLvLzMLMQQQQQcdgisnoprnquotruwuxvvtxwxwrrcqttapqthtgwwswrswcwjc_bBCb,"[(27,79,28,78),(79,27,80,26),(80,67,81,68),(66,77,67,78),(76,65,77,66),(75,29,76,28),(29,64,30,65),(18,64,19,63),(17,30,18,31),(31,16,32,17),(62,16,63,15),(14,62,15,61),(32,82,33,81),(13,82,14,83),(60,83,61,84),(84,19,85,20),(85,75,0,74),(12,47,13,48),(59,48,60,49),(49,20,50,21),(33,47,34,46),(50,74,51,73),(72,21,73,22),(71,59,72,58),(45,68,46,69),(69,34,70,35),(70,12,71,11),(44,26,45,25),(22,57,23,58),(10,35,11,36),(36,9,37,10),(23,8,24,9),(24,38,25,37),(56,8,57,7),(6,56,7,55),(54,6,55,5),(4,54,5,53),(3,38,4,39),(52,39,53,40),(40,51,41,52),(41,2,42,3),(1,42,2,43),(43,0,44,1)]",43.0,12.3123,0.0,1.0,1,-1,-1,{},,0.0,0.0,"(0,0,0,0)",10.0,23.633702278137207,79.8018434047699,0,"(0,0,0,0)","(0,0,-2,-2)",DT[tcfjdPmEIhAFlQronbgsTCdjk],"[(12,32,1,31),(10,1,11,2),(25,2,26,3),(3,24,4,25),(4,9,5,10),(40,5,33,6),(6,17,7,18),(7,34,8,35),(15,8,16,9),(32,12,13,11),(13,27,14,26),(23,15,24,14),(16,34,17,33),(35,19,36,18),(19,37,20,36),(29,21,30,20),(21,38,22,39),(27,22,28,23),(37,28,38,29),(30,39,31,40)]","[(0,1),(0,1),(0,1)]"
17nh_0010647_3,17nh_0010647,(2.9079046278463405+0.6447389581082109j),-0.456627375241862 + 2.05948289764162*I,1.35260656281558,18.3499164379966,24,yvvLALvLMvPMQAQQQfhgjnmputprotrwuvvusxtxwxluahqnlapheupgvfsvcodvdfh_aBBb,"[(32,47,33,48),(46,31,47,32),(33,20,34,21),(19,30,20,31),(18,45,19,46),(21,67,22,66),(34,68,35,67),(77,23,78,22),(78,65,79,66),(64,24,65,23),(79,49,80,48),(76,36,77,35),(49,24,50,25),(36,76,37,75),(68,38,69,37),(29,38,30,39),(50,64,51,63),(51,75,52,74),(62,73,63,74),(61,53,62,52),(69,60,70,61),(72,54,73,53),(28,60,29,59),(25,54,26,55),(71,8,72,9),(9,70,10,71),(26,8,27,7),(10,28,11,27),(58,11,59,12),(12,39,13,40),(88,56,89,55),(87,6,88,7),(5,86,6,87),(57,5,58,4),(56,86,57,85),(80,89,81,0),(3,41,4,40),(2,14,3,13),(41,14,42,15),(84,16,85,15),(83,43,84,42),(16,82,17,81),(43,83,44,82),(44,2,45,1),(17,1,18,0)]",45.0,8.20052,0.0,1.0,1,-1,-1,{},,0.0,0.0,"(0,0,0,0)",12.0,128.91658425331116,2459.3727626800537,0,"(0,0,0,0)","(2,2,0,0)",DT[xcdhlXqLTCvumPWsoAikRHbnEDfJg],"[(8,48,1,47),(48,2,25,1),(33,2,34,3),(3,34,4,35),(4,24,5,23),(24,6,9,5),(6,40,7,39),(40,8,41,7),(38,9,39,10),(43,11,44,10),(11,43,12,42),(41,13,42,12),(13,47,14,46),(25,15,26,14),(32,15,33,16),(16,31,17,32),(17,27,18,26),(18,45,19,46),(44,19,45,20),(37,21,38,20),(21,28,22,29),(29,22,30,23),(27,36,28,37),(30,36,31,35)]","[(-1,1),(0,1),(0,1)]"
18nh_00098198_0,18nh_00098198,(1.6040764722510188+0.22672556120201087j),-0.542799494685140 + 3.84028996976831*I,1.43038309098454,19.50992300936819,24,yLLvvvPzMAzQAAPQQcehjojlmpquqntoruvwuxwvxxiivohfhhmiirkfncdemptmpso_BaCB,"[(38,0,39,51),(46,40,47,39),(47,50,48,51),(49,28,50,29),(27,48,28,49),(10,37,11,38),(26,10,27,9),(8,30,9,29),(30,8,31,7),(40,32,41,31),(32,46,33,45),(41,6,42,7),(5,44,6,45),(42,17,43,18),(16,43,17,44),(15,4,16,5),(14,34,15,33),(25,19,26,18),(36,20,37,19),(35,24,36,25),(3,35,4,34),(2,24,3,23),(20,12,21,11),(13,23,14,22),(1,12,2,13),(21,1,22,0)]",26.0,9.32035,1.0,1.0,1,-1,-1,{},,0.0,0.0,"(0,0,0,0)",10.0,3.562973976135254,5.757373809814453,0,"(0,0,0,0)","(2,2,0,0)",DT[rcbgiHMRfPlnJAIOdBcqEKg],"[(4,16,1,15),(16,2,17,1),(2,25,3,26),(24,3,25,4),(18,36,5,35),(5,26,6,27),(11,7,12,6),(7,23,8,22),(8,31,9,32),(30,9,31,10),(23,11,24,10),(27,12,28,13),(13,34,14,35),(14,20,15,19),(36,18,19,17),(20,29,21,30),(32,21,33,22),(33,29,34,28)]","[(-1,1),(0,1),(0,1)]"
